professione_macro_old,professione_macro_new,professione_bio,professione_macro
Economic elites,Cultural knowledge profession,Industriale-agricoltore,Cultural knowledge profession
Cultural/knowledge professions,University professor,Docente universitario,University professor
Cultural/knowledge professions,University professor,Docente universitario,University professor
Cultural/knowledge professions,University professor,Docente universitario,University professor
Cultural/knowledge professions,University professor,Docente universitario,University professor
Cultural/knowledge professions,Other,Ingegnere,Other
Cultural/knowledge professions,University professor,Docente universitario,University professor
Economic elites,Cultural knowledge profession,Industriale-agricoltore,Cultural knowledge profession
Other/unclear,Cultural knowledge profession,Uomo di corte,Cultural knowledge profession
Economic elites,Cultural knowledge profession,Industriale-agricoltore,Cultural knowledge profession
Cultural/knowledge professions,University professor,Docente universitario,University professor
Cultural/knowledge professions,University professor,Docente universitario,University professor
Economic elites,Cultural knowledge profession,Industriale-agricoltore,Cultural knowledge profession
Economic elites,Cultural knowledge profession,Industriale-agricoltore,Cultural knowledge profession
Cultural/knowledge professions,Other,Ingegnere,Other
Other/unclear,Cultural knowledge profession,Economista,Cultural knowledge profession
Cultural/knowledge professions,University professor,Docente universitario,University professor
Cultural/knowledge professions,University professor,Docente universitario,University professor
Cultural/knowledge professions,University professor,Docente universitario,University professor
Other/unclear,Cultural knowledge profession,Uomo di corte,Cultural knowledge profession
Cultural/knowledge professions,University professor,Docente universitario,University professor
Cultural/knowledge professions,University professor,Docente universitario,University professor
Cultural/knowledge professions,University professor,Docente universitario,University professor
Cultural/knowledge professions,University professor,Docente universitario,University professor
Cultural/knowledge professions,University professor,Docente universitario,University professor
Economic elites,State elite,Amministratore pubblico,State elite
Cultural/knowledge professions,University professor,Docente universitario,University professor
Cultural/knowledge professions,University professor,Docente universitario,University professor
Cultural/knowledge professions,University professor,Docente universitario,University professor
Cultural/knowledge professions,University professor,Docente universitario,University professor
Cultural/knowledge professions,University professor,Docente universitario,University professor
Cultural/knowledge professions,Other,Medico,Other
Cultural/knowledge professions,University professor,Docente universitario,University professor
Cultural/knowledge professions,University professor,Docente universitario,University professor
Cultural/knowledge professions,University professor,Docente universitario,University professor
Cultural/knowledge professions,University professor,Docente universitario,University professor
Economic elites,Cultural knowledge profession,Industriale-agricoltore,Cultural knowledge profession
Economic elites,Cultural knowledge profession,Industriale-agricoltore,Cultural knowledge profession
Cultural/knowledge professions,Cultural knowledge profession,Scrittore,Cultural knowledge profession
Other/unclear,Cultural knowledge profession,Economista,Cultural knowledge profession
Cultural/knowledge professions,University professor,Docente universitario,University professor
Cultural/knowledge professions,University professor,Docente universitario,University professor
Cultural/knowledge professions,University professor,Docente universitario,University professor
Cultural/knowledge professions,Other,Ingegnere,Other
Cultural/knowledge professions,University professor,Docente universitario,University professor
Cultural/knowledge professions,University professor,Docente universitario,University professor
Cultural/knowledge professions,Cultural knowledge profession,Docente,Cultural knowledge profession
Cultural/knowledge professions,University professor,Docente universitario,University professor
Cultural/knowledge professions,University professor,Docente universitario,University professor
Cultural/knowledge professions,Other,Medico,Other
Cultural/knowledge professions,University professor,Docente universitario,University professor
Other/unclear,Cultural knowledge profession,Geologo,Cultural knowledge profession
Economic elites,Cultural knowledge profession,Industriale-agricoltore,Cultural knowledge profession
Cultural/knowledge professions,University professor,Docente universitario,University professor
Economic elites,Cultural knowledge profession,Industriale-agricoltore,Cultural knowledge profession
Cultural/knowledge professions,Other,Ingegnere,Other
Cultural/knowledge professions,University professor,Docente universitario,University professor
Cultural/knowledge professions,University professor,Docente universitario,University professor
Cultural/knowledge professions,Cultural knowledge profession,Archeologo,Cultural knowledge profession
Economic elites,Cultural knowledge profession,Industriale-agricoltore,Cultural knowledge profession
Economic elites,Cultural knowledge profession,Industriale-agricoltore,Cultural knowledge profession
Cultural/knowledge professions,Cultural knowledge profession,Docente,Cultural knowledge profession
Cultural/knowledge professions,University professor,Docente universitario,University professor
Other/unclear,Cultural knowledge profession,Geologo,Cultural knowledge profession
Economic elites,Cultural knowledge profession,Industriale-agricoltore,Cultural knowledge profession
Economic elites,Cultural knowledge profession,Industriale-agricoltore,Cultural knowledge profession
Economic elites,Cultural knowledge profession,Industriale-agricoltore,Cultural knowledge profession
Other/unclear,Cultural knowledge profession,Bibliotecario,Cultural knowledge profession
Cultural/knowledge professions,University professor,Docente universitario,University professor
Cultural/knowledge professions,University professor,Docente universitario,University professor
Cultural/knowledge professions,Other,Medico,Other
Cultural/knowledge professions,University professor,Docente universitario,University professor
Economic elites,Cultural knowledge profession,Industriale-agricoltore,Cultural knowledge profession
Economic elites,Cultural knowledge profession,Industriale-agricoltore,Cultural knowledge profession
Cultural/knowledge professions,University professor,Docente universitario,University professor
Cultural/knowledge professions,University professor,Docente universitario,University professor
Cultural/knowledge professions,Other,Ingegnere,Other
Other/unclear,Other,Architetto,Other
Economic elites,Cultural knowledge profession,Industriale-agricoltore,Cultural knowledge profession
Cultural/knowledge professions,University professor,Docente universitario,University professor
Economic elites,Cultural knowledge profession,Industriale-agricoltore,Cultural knowledge profession
Cultural/knowledge professions,University professor,Docente universitario,University professor
Cultural/knowledge professions,University professor,Docente universitario,University professor
Cultural/knowledge professions,University professor,Docente universitario,University professor
Cultural/knowledge professions,University professor,Docente universitario,University professor
Cultural/knowledge professions,University professor,Docente universitario,University professor
Cultural/knowledge professions,Cultural knowledge profession,Poeta,Cultural knowledge profession
Cultural/knowledge professions,University professor,Docente universitario,University professor
Other/unclear,Cultural knowledge profession,Critico d'arte,Cultural knowledge profession
Cultural/knowledge professions,Other,Medico,Other
Cultural/knowledge professions,University professor,Docente universitario,University professor
Economic elites,Cultural knowledge profession,Industriale-agricoltore,Cultural knowledge profession
Cultural/knowledge professions,Other,Ingegnere,Other
Cultural/knowledge professions,Other,Medico,Other
Other/unclear,Cultural knowledge profession,Musicista,Cultural knowledge profession
Economic elites,Cultural knowledge profession,Industriale-agricoltore,Cultural knowledge profession
Cultural/knowledge professions,Other,Medico,Other
Cultural/knowledge professions,University professor,Docente universitario,University professor
Cultural/knowledge professions,Cultural knowledge profession,Scrittore,Cultural knowledge profession
Cultural/knowledge professions,University professor,Docente universitario,University professor
Cultural/knowledge professions,University professor,Docente universitario,University professor
Economic elites,Cultural knowledge profession,Industriale-agricoltore,Cultural knowledge profession
Economic elites,Cultural knowledge profession,Industriale-agricoltore,Cultural knowledge profession
Cultural/knowledge professions,University professor,Docente universitario,University professor
Cultural/knowledge professions,University professor,Docente universitario,University professor
Cultural/knowledge professions,Other,Medico,Other
Cultural/knowledge professions,Other,Medico,Other
Cultural/knowledge professions,University professor,Docente universitario,University professor
Cultural/knowledge professions,University professor,Docente universitario,University professor
Cultural/knowledge professions,University professor,Docente universitario,University professor
Cultural/knowledge professions,University professor,Docente universitario,University professor
Cultural/knowledge professions,University professor,Docente universitario,University professor
Cultural/knowledge professions,Cultural knowledge profession,Poeta,Cultural knowledge profession
Cultural/knowledge professions,Other,Medico,Other
Economic elites,Cultural knowledge profession,Industriale-agricoltore,Cultural knowledge profession
Economic elites,Cultural knowledge profession,Industriale-agricoltore,Cultural knowledge profession
Cultural/knowledge professions,University professor,Docente universitario,University professor
Cultural/knowledge professions,University professor,Docente universitario,University professor
Cultural/knowledge professions,University professor,Docente universitario,University professor
Cultural/knowledge professions,Other,Medico,Other
Cultural/knowledge professions,University professor,Docente universitario,University professor
Cultural/knowledge professions,University professor,Docente universitario,University professor
Economic elites,Cultural knowledge profession,Industriale-agricoltore,Cultural knowledge profession
Other/unclear,Cultural knowledge profession,Librettista,Cultural knowledge profession
Economic elites,Cultural knowledge profession,Industriale-agricoltore,Cultural knowledge profession
Other/unclear,Cultural knowledge profession,Uomo di corte,Cultural knowledge profession
Cultural/knowledge professions,University professor,Docente universitario,University professor
Cultural/knowledge professions,University professor,Docente universitario,University professor
Cultural/knowledge professions,University professor,Docente universitario,University professor
Cultural/knowledge professions,University professor,Docente universitario,University professor
Economic elites,Cultural knowledge profession,Industriale-agricoltore,Cultural knowledge profession
Cultural/knowledge professions,University professor,Docente universitario,University professor
Cultural/knowledge professions,University professor,Docente universitario,University professor
Cultural/knowledge professions,University professor,Docente universitario,University professor
Cultural/knowledge professions,Other,Ingegnere,Other
Economic elites,Cultural knowledge profession,Industriale-agricoltore,Cultural knowledge profession
Cultural/knowledge professions,University professor,Docente universitario,University professor
Other/unclear,Cultural knowledge profession,Economista,Cultural knowledge profession
Cultural/knowledge professions,University professor,Docente universitario,University professor
Cultural/knowledge professions,Other,Medico,Other
Cultural/knowledge professions,University professor,Docente universitario,University professor
Cultural/knowledge professions,Other,Medico,Other
Cultural/knowledge professions,University professor,Docente universitario,University professor
Cultural/knowledge professions,University professor,Docente universitario,University professor
Cultural/knowledge professions,University professor,Docente universitario,University professor
Cultural/knowledge professions,Other,Medico,Other
Cultural/knowledge professions,Other,Ingegnere,Other
Cultural/knowledge professions,University professor,Docente universitario,University professor
Cultural/knowledge professions,University professor,Docente universitario,University professor
Cultural/knowledge professions,University professor,Docente universitario,University professor
Cultural/knowledge professions,University professor,Docente universitario,University professor
Cultural/knowledge professions,University professor,Docente universitario,University professor
Cultural/knowledge professions,University professor,Docente universitario,University professor
Cultural/knowledge professions,Other,Ingegnere,Other
Cultural/knowledge professions,University professor,Docente universitario,University professor
Cultural/knowledge professions,University professor,Docente universitario,University professor
Cultural/knowledge professions,University professor,Docente universitario,University professor
Economic elites,Cultural knowledge profession,Industriale-agricoltore,Cultural knowledge profession
Cultural/knowledge professions,Other,Medico,Other
Cultural/knowledge professions,University professor,Docente universitario,University professor
Cultural/knowledge professions,Other,Ingegnere,Other
Cultural/knowledge professions,University professor,Docente universitario,University professor
Economic elites,Cultural knowledge profession,Industriale-agricoltore,Cultural knowledge profession
Cultural/knowledge professions,University professor,Docente universitario,University professor
Cultural/knowledge professions,Other,Ingegnere,Other
Cultural/knowledge professions,Cultural knowledge profession,Scrittore,Cultural knowledge profession
Cultural/knowledge professions,University professor,Docente universitario,University professor
Cultural/knowledge professions,University professor,Docente universitario,University professor
Other/unclear,Cultural knowledge profession,Pittore,Cultural knowledge profession
Cultural/knowledge professions,University professor,Docente universitario,University professor
Economic elites,Cultural knowledge profession,Industriale-agricoltore,Cultural knowledge profession
Economic elites,Cultural knowledge profession,Industriale-agricoltore,Cultural knowledge profession
Cultural/knowledge professions,University professor,Docente universitario,University professor
Cultural/knowledge professions,University professor,Docente universitario,University professor
Cultural/knowledge professions,University professor,Docente universitario,University professor
Cultural/knowledge professions,University professor,Docente universitario,University professor
Cultural/knowledge professions,University professor,Docente universitario,University professor
Cultural/knowledge professions,University professor,Docente universitario,University professor
Cultural/knowledge professions,Other,Medico,Other
Other/unclear,Cultural knowledge profession,Scultore,Cultural knowledge profession
Other/unclear,Cultural knowledge profession,Astronomo,Cultural knowledge profession
Economic elites,Cultural knowledge profession,Industriale-agricoltore,Cultural knowledge profession
Economic elites,Cultural knowledge profession,Industriale-agricoltore,Cultural knowledge profession
Cultural/knowledge professions,University professor,Docente universitario,University professor
Cultural/knowledge professions,University professor,Docente universitario,University professor
Economic elites,Cultural knowledge profession,Industriale-agricoltore,Cultural knowledge profession
Cultural/knowledge professions,University professor,Docente universitario,University professor
Cultural/knowledge professions,University professor,Docente universitario,University professor
Cultural/knowledge professions,University professor,Docente universitario,University professor
Cultural/knowledge professions,University professor,Docente universitario,University professor
Other/unclear,Cultural knowledge profession,Esploratore,Cultural knowledge profession
Cultural/knowledge professions,Cultural knowledge profession,Docente,Cultural knowledge profession
Cultural/knowledge professions,University professor,Docente universitario,University professor
Cultural/knowledge professions,University professor,Docente universitario,University professor
Cultural/knowledge professions,University professor,Docente universitario,University professor
Cultural/knowledge professions,Other,Ingegnere,Other
Economic elites,Cultural knowledge profession,Industriale-agricoltore,Cultural knowledge profession
Cultural/knowledge professions,Cultural knowledge profession,Scrittore,Cultural knowledge profession
Cultural/knowledge professions,University professor,Docente universitario,University professor
Cultural/knowledge professions,University professor,Docente universitario,University professor
Cultural/knowledge professions,University professor,Docente universitario,University professor
Cultural/knowledge professions,University professor,Docente universitario,University professor
Cultural/knowledge professions,University professor,Docente universitario,University professor
Cultural/knowledge professions,University professor,Docente universitario,University professor
Cultural/knowledge professions,University professor,Docente universitario,University professor
Cultural/knowledge professions,University professor,Docente universitario,University professor
Economic elites,Cultural knowledge profession,Industriale-agricoltore,Cultural knowledge profession
Cultural/knowledge professions,University professor,Docente universitario,University professor
Cultural/knowledge professions,University professor,Docente universitario,University professor
Economic elites,Cultural knowledge profession,Industriale-agricoltore,Cultural knowledge profession
Cultural/knowledge professions,Other,Ingegnere,Other
Cultural/knowledge professions,University professor,Docente universitario,University professor
Cultural/knowledge professions,Other,Ingegnere,Other
Cultural/knowledge professions,University professor,Docente universitario,University professor
Cultural/knowledge professions,Other,Ingegnere,Other
Economic elites,Cultural knowledge profession,Industriale-agricoltore,Cultural knowledge profession
Economic elites,Cultural knowledge profession,Industriale-agricoltore,Cultural knowledge profession
Cultural/knowledge professions,University professor,Docente universitario,University professor
Cultural/knowledge professions,University professor,Docente universitario,University professor
Economic elites,Cultural knowledge profession,Industriale-agricoltore,Cultural knowledge profession
Cultural/knowledge professions,Cultural knowledge profession,Docente,Cultural knowledge profession
Cultural/knowledge professions,University professor,Docente universitario,University professor
Cultural/knowledge professions,University professor,Docente universitario,University professor
Other/unclear,Cultural knowledge profession,Critico letterario,Cultural knowledge profession
Economic elites,Cultural knowledge profession,Industriale-agricoltore,Cultural knowledge profession
Economic elites,Cultural knowledge profession,Industriale-agricoltore,Cultural knowledge profession
Economic elites,Cultural knowledge profession,Industriale-agricoltore,Cultural knowledge profession
Cultural/knowledge professions,University professor,Docente universitario,University professor
Cultural/knowledge professions,University professor,Docente universitario,University professor
Cultural/knowledge professions,Other,Ingegnere,Other
Cultural/knowledge professions,University professor,Docente universitario,University professor
Cultural/knowledge professions,University professor,Docente universitario,University professor
Cultural/knowledge professions,University professor,Docente universitario,University professor
Cultural/knowledge professions,University professor,Docente universitario,University professor
Cultural/knowledge professions,University professor,Docente universitario,University professor
Cultural/knowledge professions,Cultural knowledge profession,Scrittore,Cultural knowledge profession
Cultural/knowledge professions,University professor,Docente universitario,University professor
Cultural/knowledge professions,University professor,Docente universitario,University professor
Other/unclear,Cultural knowledge profession,Uomo di corte,Cultural knowledge profession
Cultural/knowledge professions,Other,Ingegnere,Other
Economic elites,Cultural knowledge profession,Industriale-agricoltore,Cultural knowledge profession
Cultural/knowledge professions,University professor,Docente universitario,University professor
Cultural/knowledge professions,University professor,Docente universitario,University professor
Cultural/knowledge professions,Other,Ingegnere,Other
Economic elites,Cultural knowledge profession,Industriale-agricoltore,Cultural knowledge profession
Cultural/knowledge professions,University professor,Docente universitario,University professor
Cultural/knowledge professions,University professor,Docente universitario,University professor
Cultural/knowledge professions,University professor,Docente universitario,University professor
Economic elites,Cultural knowledge profession,Industriale-agricoltore,Cultural knowledge profession
Cultural/knowledge professions,University professor,Docente universitario,University professor
Cultural/knowledge professions,University professor,Docente universitario,University professor
Cultural/knowledge professions,Other,Medico,Other
Cultural/knowledge professions,University professor,Docente universitario,University professor
Economic elites,Cultural knowledge profession,Industriale-agricoltore,Cultural knowledge profession
Economic elites,Cultural knowledge profession,Industriale-agricoltore,Cultural knowledge profession
Cultural/knowledge professions,Cultural knowledge profession,Scrittore,Cultural knowledge profession
Other/unclear,Cultural knowledge profession,Bibliografo,Cultural knowledge profession
Cultural/knowledge professions,University professor,Docente universitario,University professor
Cultural/knowledge professions,University professor,Docente universitario,University professor
Cultural/knowledge professions,University professor,Docente universitario,University professor
Cultural/knowledge professions,University professor,Docente universitario,University professor
Economic elites,Cultural knowledge profession,Industriale-agricoltore,Cultural knowledge profession
Cultural/knowledge professions,University professor,Docente universitario,University professor
Cultural/knowledge professions,Other,Ingegnere,Other
Cultural/knowledge professions,Other,Ingegnere,Other
Cultural/knowledge professions,Cultural knowledge profession,Docente,Cultural knowledge profession
Other/unclear,Cultural knowledge profession,Pittore,Cultural knowledge profession
Other/unclear,Cultural knowledge profession,Esploratore,Cultural knowledge profession
Economic elites,Cultural knowledge profession,Industriale-agricoltore,Cultural knowledge profession
Cultural/knowledge professions,University professor,Docente universitario,University professor
Cultural/knowledge professions,Other,Medico,Other
Cultural/knowledge professions,Other,Medico,Other
Cultural/knowledge professions,University professor,Docente universitario,University professor
Cultural/knowledge professions,University professor,Docente universitario,University professor
Cultural/knowledge professions,University professor,Docente universitario,University professor
Cultural/knowledge professions,University professor,Docente universitario,University professor
Cultural/knowledge professions,University professor,Docente universitario,University professor
Cultural/knowledge professions,University professor,Docente universitario,University professor
Economic elites,Cultural knowledge profession,Industriale-agricoltore,Cultural knowledge profession
Cultural/knowledge professions,University professor,Docente universitario,University professor
Economic elites,Cultural knowledge profession,Industriale-agricoltore,Cultural knowledge profession
Cultural/knowledge professions,University professor,Docente universitario,University professor
Cultural/knowledge professions,University professor,Docente universitario,University professor
Cultural/knowledge professions,University professor,Docente universitario,University professor
Economic elites,Cultural knowledge profession,Industriale-agricoltore,Cultural knowledge profession
Cultural/knowledge professions,University professor,Docente universitario,University professor
Cultural/knowledge professions,Cultural knowledge profession,Docente,Cultural knowledge profession
Cultural/knowledge professions,University professor,Docente universitario,University professor
Cultural/knowledge professions,University professor,Docente universitario,University professor
Cultural/knowledge professions,University professor,Docente universitario,University professor
Cultural/knowledge professions,Other,Ingegnere,Other
Other/unclear,Cultural knowledge profession,Editore,Cultural knowledge profession
Cultural/knowledge professions,University professor,Docente universitario,University professor
Cultural/knowledge professions,University professor,Docente universitario,University professor
Cultural/knowledge professions,Other,Medico,Other
Cultural/knowledge professions,University professor,Docente universitario,University professor
Cultural/knowledge professions,University professor,Docente universitario,University professor
Other/unclear,Cultural knowledge profession,Naturalista,Cultural knowledge profession
Cultural/knowledge professions,University professor,Docente universitario,University professor
Cultural/knowledge professions,Cultural knowledge profession,Docente,Cultural knowledge profession
Cultural/knowledge professions,University professor,Docente universitario,University professor
Cultural/knowledge professions,University professor,Docente universitario,University professor
Cultural/knowledge professions,Cultural knowledge profession,Scrittore,Cultural knowledge profession
Cultural/knowledge professions,University professor,Docente universitario,University professor
Cultural/knowledge professions,University professor,Docente universitario,University professor
Cultural/knowledge professions,University professor,Docente universitario,University professor
Economic elites,Cultural knowledge profession,Industriale-agricoltore,Cultural knowledge profession
Cultural/knowledge professions,Other,Ingegnere,Other
Cultural/knowledge professions,Cultural knowledge profession,Docente,Cultural knowledge profession
Cultural/knowledge professions,University professor,Docente universitario,University professor
Cultural/knowledge professions,University professor,Docente universitario,University professor
Cultural/knowledge professions,University professor,Docente universitario,University professor
Cultural/knowledge professions,University professor,Docente universitario,University professor
Cultural/knowledge professions,University professor,Docente universitario,University professor
Economic elites,Cultural knowledge profession,Industriale-agricoltore,Cultural knowledge profession
Cultural/knowledge professions,Other,Ingegnere,Other
Cultural/knowledge professions,University professor,Docente universitario,University professor
Cultural/knowledge professions,University professor,Docente universitario,University professor
Cultural/knowledge professions,University professor,Docente universitario,University professor
Cultural/knowledge professions,University professor,Docente universitario,University professor
Cultural/knowledge professions,Other,Ingegnere,Other
Economic elites,Cultural knowledge profession,Industriale-agricoltore,Cultural knowledge profession
Economic elites,Cultural knowledge profession,Industriale-agricoltore,Cultural knowledge profession
Economic elites,Cultural knowledge profession,Industriale-agricoltore,Cultural knowledge profession
Cultural/knowledge professions,Other,Ingegnere,Other
Cultural/knowledge professions,University professor,Docente universitario,University professor
Cultural/knowledge professions,University professor,Docente universitario,University professor
Other/unclear,Cultural knowledge profession,Astronomo,Cultural knowledge profession
Cultural/knowledge professions,University professor,Docente universitario,University professor
Cultural/knowledge professions,Other,Ingegnere,Other
Cultural/knowledge professions,Cultural knowledge profession,Scrittore,Cultural knowledge profession
Cultural/knowledge professions,Other,Ingegnere,Other
Other/unclear,Cultural knowledge profession,Pittore,Cultural knowledge profession
Cultural/knowledge professions,Cultural knowledge profession,Docente,Cultural knowledge profession
Economic elites,Cultural knowledge profession,Industriale-agricoltore,Cultural knowledge profession
Cultural/knowledge professions,University professor,Docente universitario,University professor
Cultural/knowledge professions,Cultural knowledge profession,Docente,Cultural knowledge profession
Cultural/knowledge professions,University professor,Docente universitario,University professor
Economic elites,Cultural knowledge profession,Industriale-agricoltore,Cultural knowledge profession
Cultural/knowledge professions,University professor,Docente universitario,University professor
Cultural/knowledge professions,University professor,Docente universitario,University professor
Cultural/knowledge professions,University professor,Docente universitario,University professor
Cultural/knowledge professions,University professor,Docente universitario,University professor
Cultural/knowledge professions,University professor,Docente universitario,University professor
Cultural/knowledge professions,University professor,Docente universitario,University professor
Cultural/knowledge professions,Other,Ingegnere,Other
Cultural/knowledge professions,University professor,Docente universitario,University professor
Cultural/knowledge professions,Other,Medico,Other
Cultural/knowledge professions,University professor,Docente universitario,University professor
Cultural/knowledge professions,Other,Ingegnere,Other
Other/unclear,Cultural knowledge profession,Agronomo,Cultural knowledge profession
Cultural/knowledge professions,University professor,Docente universitario,University professor
Cultural/knowledge professions,University professor,Docente universitario,University professor
Cultural/knowledge professions,University professor,Docente universitario,University professor
Cultural/knowledge professions,University professor,Docente universitario,University professor
Other/unclear,Cultural knowledge profession,Musicista,Cultural knowledge profession
Cultural/knowledge professions,University professor,Docente universitario,University professor
Other/unclear,Legal profession,Notaio,Legal profession
Cultural/knowledge professions,University professor,Docente universitario,University professor
Cultural/knowledge professions,Other,Medico,Other
Cultural/knowledge professions,Other,Medico,Other
Cultural/knowledge professions,Other,Ingegnere,Other
Economic elites,Cultural knowledge profession,Industriale-agricoltore,Cultural knowledge profession
Cultural/knowledge professions,University professor,Docente universitario,University professor
Cultural/knowledge professions,University professor,Docente universitario,University professor
Cultural/knowledge professions,University professor,Docente universitario,University professor
Cultural/knowledge professions,University professor,Docente universitario,University professor
Cultural/knowledge professions,University professor,Docente universitario,University professor
Other/unclear,Cultural knowledge profession,Agricoltore,Cultural knowledge profession
Cultural/knowledge professions,University professor,Docente universitario,University professor
Cultural/knowledge professions,University professor,Docente universitario,University professor
Economic elites,Cultural knowledge profession,Industriale-agricoltore,Cultural knowledge profession
Cultural/knowledge professions,University professor,Docente universitario,University professor
Cultural/knowledge professions,University professor,Docente universitario,University professor
Economic elites,Cultural knowledge profession,Industriale-agricoltore,Cultural knowledge profession
Cultural/knowledge professions,Other,Medico,Other
Cultural/knowledge professions,University professor,Docente universitario,University professor
Cultural/knowledge professions,Other,Ingegnere,Other
Cultural/knowledge professions,University professor,Docente universitario,University professor
Cultural/knowledge professions,Other,Ingegnere,Other
Cultural/knowledge professions,University professor,Docente universitario,University professor
Economic elites,Cultural knowledge profession,Industriale-agricoltore,Cultural knowledge profession
Cultural/knowledge professions,Cultural knowledge profession,Archeologo,Cultural knowledge profession
Economic elites,Cultural knowledge profession,Industriale-agricoltore,Cultural knowledge profession
Cultural/knowledge professions,University professor,Docente universitario,University professor
Other/unclear,Cultural knowledge profession,Scienziato,Cultural knowledge profession
Cultural/knowledge professions,University professor,Docente universitario,University professor
Economic elites,Cultural knowledge profession,Industriale-agricoltore,Cultural knowledge profession
Cultural/knowledge professions,University professor,Docente universitario,University professor
Cultural/knowledge professions,University professor,Docente universitario,University professor
Cultural/knowledge professions,University professor,Docente universitario,University professor
Economic elites,Cultural knowledge profession,Industriale-agricoltore,Cultural knowledge profession
Cultural/knowledge professions,Other,Ingegnere,Other
Other/unclear,Cultural knowledge profession,Scultore,Cultural knowledge profession
Cultural/knowledge professions,University professor,Docente universitario,University professor
Economic elites,Cultural knowledge profession,Industriale-agricoltore,Cultural knowledge profession
Cultural/knowledge professions,University professor,Docente universitario,University professor
Other/unclear,Cultural knowledge profession,Commediografo,Cultural knowledge profession
Cultural/knowledge professions,University professor,Docente universitario,University professor
Economic elites,Cultural knowledge profession,Industriale-agricoltore,Cultural knowledge profession
Cultural/knowledge professions,University professor,Docente universitario,University professor
Cultural/knowledge professions,University professor,Docente universitario,University professor
Cultural/knowledge professions,University professor,Docente universitario,University professor
Other/unclear,Cultural knowledge profession,Bibliotecario,Cultural knowledge profession
Cultural/knowledge professions,University professor,Docente universitario,University professor
Cultural/knowledge professions,Other,Ingegnere,Other
Cultural/knowledge professions,University professor,Docente universitario,University professor
Cultural/knowledge professions,University professor,Docente universitario,University professor
Cultural/knowledge professions,University professor,Docente universitario,University professor
Cultural/knowledge professions,University professor,Docente universitario,University professor
Cultural/knowledge professions,University professor,Docente universitario,University professor
Cultural/knowledge professions,University professor,Docente universitario,University professor
Cultural/knowledge professions,University professor,Docente universitario,University professor
Cultural/knowledge professions,University professor,Docente universitario,University professor
Cultural/knowledge professions,University professor,Docente universitario,University professor
Cultural/knowledge professions,University professor,Docente universitario,University professor
Economic elites,Cultural knowledge profession,Industriale-agricoltore,Cultural knowledge profession
Other/unclear,Cultural knowledge profession,Editore,Cultural knowledge profession
Cultural/knowledge professions,Other,Medico,Other
Cultural/knowledge professions,Other,Ingegnere,Other
Cultural/knowledge professions,University professor,Docente universitario,University professor
Other/unclear,Cultural knowledge profession,Agronomo,Cultural knowledge profession
Cultural/knowledge professions,University professor,Docente universitario,University professor
Cultural/knowledge professions,University professor,Docente universitario,University professor
Cultural/knowledge professions,Cultural knowledge profession,Docente,Cultural knowledge profession
Economic elites,Cultural knowledge profession,Industriale-agricoltore,Cultural knowledge profession
Cultural/knowledge professions,University professor,Docente universitario,University professor
Cultural/knowledge professions,Cultural knowledge profession,Docente,Cultural knowledge profession
Cultural/knowledge professions,University professor,Docente universitario,University professor
Cultural/knowledge professions,Other,Ingegnere,Other
Cultural/knowledge professions,Other,Ingegnere,Other
Cultural/knowledge professions,University professor,Docente universitario,University professor
Cultural/knowledge professions,University professor,Docente universitario,University professor
Economic elites,Cultural knowledge profession,Industriale-agricoltore,Cultural knowledge profession
Cultural/knowledge professions,University professor,Docente universitario,University professor
Cultural/knowledge professions,Cultural knowledge profession,Scrittore,Cultural knowledge profession
Cultural/knowledge professions,University professor,Docente universitario,University professor
Cultural/knowledge professions,University professor,Docente universitario,University professor
Cultural/knowledge professions,University professor,Docente universitario,University professor
Cultural/knowledge professions,University professor,Docente universitario,University professor
Cultural/knowledge professions,University professor,Docente universitario,University professor
Cultural/knowledge professions,Other,Ingegnere,Other
Cultural/knowledge professions,University professor,Docente universitario,University professor
Cultural/knowledge professions,University professor,Docente universitario,University professor
Cultural/knowledge professions,University professor,Docente universitario,University professor
Cultural/knowledge professions,University professor,Docente universitario,University professor
Cultural/knowledge professions,University professor,Docente universitario,University professor
Cultural/knowledge professions,University professor,Docente universitario,University professor
Other/unclear,Cultural knowledge profession,Scultore,Cultural knowledge profession
Cultural/knowledge professions,Cultural knowledge profession,Archeologo,Cultural knowledge profession
Cultural/knowledge professions,University professor,Docente universitario,University professor
Cultural/knowledge professions,Other,Medico,Other
Cultural/knowledge professions,Cultural knowledge profession,Scrittore,Cultural knowledge profession
Cultural/knowledge professions,University professor,Docente universitario,University professor
Cultural/knowledge professions,University professor,Docente universitario,University professor
Cultural/knowledge professions,Cultural knowledge profession,Archeologo,Cultural knowledge profession
Cultural/knowledge professions,University professor,Docente universitario,University professor
Cultural/knowledge professions,Other,Ingegnere,Other
Cultural/knowledge professions,University professor,Docente universitario,University professor
Cultural/knowledge professions,University professor,Docente universitario,University professor
Economic elites,Cultural knowledge profession,Industriale-agricoltore,Cultural knowledge profession
Cultural/knowledge professions,University professor,Docente universitario,University professor
Cultural/knowledge professions,University professor,Docente universitario,University professor
Cultural/knowledge professions,Other,Ingegnere,Other
Cultural/knowledge professions,University professor,Docente universitario,University professor
Cultural/knowledge professions,University professor,Docente universitario,University professor
Cultural/knowledge professions,University professor,Docente universitario,University professor
Cultural/knowledge professions,University professor,Docente universitario,University professor
Cultural/knowledge professions,University professor,Docente universitario,University professor
Cultural/knowledge professions,Other,Medico,Other
Cultural/knowledge professions,Other,Ingegnere,Other
Cultural/knowledge professions,University professor,Docente universitario,University professor
Economic elites,Cultural knowledge profession,Industriale-agricoltore,Cultural knowledge profession
Cultural/knowledge professions,Cultural knowledge profession,Archeologo,Cultural knowledge profession
Economic elites,Cultural knowledge profession,Industriale-agricoltore,Cultural knowledge profession
Other/unclear,Cultural knowledge profession,Agronomo,Cultural knowledge profession
Economic elites,Cultural knowledge profession,Industriale-agricoltore,Cultural knowledge profession
Cultural/knowledge professions,Cultural knowledge profession,Archeologo,Cultural knowledge profession
Cultural/knowledge professions,Other,Medico,Other
Cultural/knowledge professions,University professor,Docente universitario,University professor
Cultural/knowledge professions,University professor,Docente universitario,University professor
Cultural/knowledge professions,University professor,Docente universitario,University professor
Cultural/knowledge professions,University professor,Docente universitario,University professor
Cultural/knowledge professions,University professor,Docente universitario,University professor
Cultural/knowledge professions,University professor,Docente universitario,University professor
Cultural/knowledge professions,University professor,Docente universitario,University professor
Cultural/knowledge professions,University professor,Docente universitario,University professor
Cultural/knowledge professions,Other,Ingegnere,Other
Cultural/knowledge professions,University professor,Docente universitario,University professor
Cultural/knowledge professions,University professor,Docente universitario,University professor
Other/unclear,Cultural knowledge profession,Commediografo,Cultural knowledge profession
Cultural/knowledge professions,Other,Medico,Other
Cultural/knowledge professions,Other,Ingegnere,Other
Cultural/knowledge professions,University professor,Docente universitario,University professor
Cultural/knowledge professions,University professor,Docente universitario,University professor
Cultural/knowledge professions,University professor,Docente universitario,University professor
Other/unclear,Cultural knowledge profession,Agricoltore,Cultural knowledge profession
Economic elites,Cultural knowledge profession,Industriale-agricoltore,Cultural knowledge profession
Cultural/knowledge professions,University professor,Docente universitario,University professor
Other/unclear,Cultural knowledge profession,Pittore,Cultural knowledge profession
Cultural/knowledge professions,Other,Medico,Other
Cultural/knowledge professions,University professor,Docente universitario,University professor
Other/unclear,Cultural knowledge profession,Agronomo,Cultural knowledge profession
Economic elites,Cultural knowledge profession,Industriale-agricoltore,Cultural knowledge profession
Cultural/knowledge professions,University professor,Docente universitario,University professor
Cultural/knowledge professions,University professor,Docente universitario,University professor
Cultural/knowledge professions,Cultural knowledge profession,Docente,Cultural knowledge profession
Other/unclear,Cultural knowledge profession,Agronomo,Cultural knowledge profession
Economic elites,Cultural knowledge profession,Industriale-agricoltore,Cultural knowledge profession
Cultural/knowledge professions,University professor,Docente universitario,University professor
Cultural/knowledge professions,University professor,Docente universitario,University professor
Economic elites,Cultural knowledge profession,Industriale-agricoltore,Cultural knowledge profession
Cultural/knowledge professions,University professor,Docente universitario,University professor
Cultural/knowledge professions,University professor,Docente universitario,University professor
Other/unclear,Cultural knowledge profession,Musicista,Cultural knowledge profession
Economic elites,Cultural knowledge profession,Industriale-agricoltore,Cultural knowledge profession
Cultural/knowledge professions,University professor,Docente universitario,University professor
Cultural/knowledge professions,University professor,Docente universitario,University professor
Cultural/knowledge professions,University professor,Docente universitario,University professor
Cultural/knowledge professions,University professor,Docente universitario,University professor
Other/unclear,Cultural knowledge profession,Scultore,Cultural knowledge profession
Economic elites,Cultural knowledge profession,Industriale-agricoltore,Cultural knowledge profession
Economic elites,Cultural knowledge profession,Industriale-agricoltore,Cultural knowledge profession
Other/unclear,Legal profession,Notaio,Legal profession
Cultural/knowledge professions,University professor,Docente universitario,University professor
Cultural/knowledge professions,University professor,Docente universitario,University professor
Economic elites,Cultural knowledge profession,Industriale-agricoltore,Cultural knowledge profession
Cultural/knowledge professions,University professor,Docente universitario,University professor
Economic elites,Cultural knowledge profession,Industriale-agricoltore,Cultural knowledge profession
Cultural/knowledge professions,Other,Ingegnere,Other
Cultural/knowledge professions,University professor,Docente universitario,University professor
Cultural/knowledge professions,Other,Ingegnere,Other
Cultural/knowledge professions,University professor,Docente universitario,University professor
Cultural/knowledge professions,University professor,Docente universitario,University professor
Cultural/knowledge professions,University professor,Docente universitario,University professor
Cultural/knowledge professions,University professor,Docente universitario,University professor
Cultural/knowledge professions,University professor,Docente universitario,University professor
Economic elites,Cultural knowledge profession,Industriale-agricoltore,Cultural knowledge profession
Economic elites,Cultural knowledge profession,Industriale-agricoltore,Cultural knowledge profession
Cultural/knowledge professions,University professor,Docente universitario,University professor
Cultural/knowledge professions,University professor,Docente universitario,University professor
Economic elites,Cultural knowledge profession,Industriale-agricoltore,Cultural knowledge profession
Other/unclear,Cultural knowledge profession,Agricoltore,Cultural knowledge profession
Cultural/knowledge professions,University professor,Docente universitario,University professor
Cultural/knowledge professions,University professor,Docente universitario,University professor
Economic elites,Cultural knowledge profession,Industriale-agricoltore,Cultural knowledge profession
Cultural/knowledge professions,Other,Ingegnere,Other
Cultural/knowledge professions,Cultural knowledge profession,Docente,Cultural knowledge profession
Cultural/knowledge professions,University professor,Docente universitario,University professor
Cultural/knowledge professions,University professor,Docente universitario,University professor
Cultural/knowledge professions,Other,Ingegnere,Other
Cultural/knowledge professions,Other,Ingegnere,Other
Cultural/knowledge professions,University professor,Docente universitario,University professor
Cultural/knowledge professions,University professor,Docente universitario,University professor
Cultural/knowledge professions,University professor,Docente universitario,University professor
Cultural/knowledge professions,University professor,Docente universitario,University professor
Cultural/knowledge professions,Cultural knowledge profession,Docente,Cultural knowledge profession
Cultural/knowledge professions,University professor,Docente universitario,University professor
Economic elites,Cultural knowledge profession,Industriale-agricoltore,Cultural knowledge profession
Cultural/knowledge professions,University professor,Docente universitario,University professor
Cultural/knowledge professions,University professor,Docente universitario,University professor
Cultural/knowledge professions,Cultural knowledge profession,Archeologo,Cultural knowledge profession
Cultural/knowledge professions,Other,Ingegnere,Other
Cultural/knowledge professions,University professor,Docente universitario,University professor
Cultural/knowledge professions,University professor,Docente universitario,University professor
Cultural/knowledge professions,University professor,Docente universitario,University professor
Cultural/knowledge professions,University professor,Docente universitario,University professor
Cultural/knowledge professions,University professor,Docente universitario,University professor
Cultural/knowledge professions,University professor,Docente universitario,University professor
Other/unclear,Cultural knowledge profession,Uomo di corte,Cultural knowledge profession
Economic elites,Cultural knowledge profession,Industriale-agricoltore,Cultural knowledge profession
Cultural/knowledge professions,University professor,Docente universitario,University professor
Cultural/knowledge professions,University professor,Docente universitario,University professor
Cultural/knowledge professions,Cultural knowledge profession,Archeologo,Cultural knowledge profession
Cultural/knowledge professions,University professor,Docente universitario,University professor
Cultural/knowledge professions,University professor,Docente universitario,University professor
Cultural/knowledge professions,University professor,Docente universitario,University professor
Cultural/knowledge professions,University professor,Docente universitario,University professor
Cultural/knowledge professions,University professor,Docente universitario,University professor
Other/unclear,Cultural knowledge profession,Antiquario,Cultural knowledge profession
Cultural/knowledge professions,Other,Ingegnere,Other
Cultural/knowledge professions,University professor,Docente universitario,University professor
Cultural/knowledge professions,Cultural knowledge profession,Docente,Cultural knowledge profession
Economic elites,Cultural knowledge profession,Industriale-agricoltore,Cultural knowledge profession
Cultural/knowledge professions,Other,Ingegnere,Other
Cultural/knowledge professions,University professor,Docente universitario,University professor
Economic elites,Cultural knowledge profession,Industriale-agricoltore,Cultural knowledge profession
Other/unclear,Cultural knowledge profession,Agricoltore,Cultural knowledge profession
Cultural/knowledge professions,University professor,Docente universitario,University professor
Cultural/knowledge professions,Other,Ingegnere,Other
Other/unclear,Cultural knowledge profession,Agricoltore,Cultural knowledge profession
Cultural/knowledge professions,University professor,Docente universitario,University professor
Cultural/knowledge professions,University professor,Docente universitario,University professor
Other/unclear,Cultural knowledge profession,Agricoltore,Cultural knowledge profession
Economic elites,Cultural knowledge profession,Industriale-agricoltore,Cultural knowledge profession
Cultural/knowledge professions,University professor,Docente universitario,University professor
Cultural/knowledge professions,University professor,Docente universitario,University professor
Cultural/knowledge professions,University professor,Docente universitario,University professor
Cultural/knowledge professions,University professor,Docente universitario,University professor
Cultural/knowledge professions,University professor,Docente universitario,University professor
Cultural/knowledge professions,Other,Medico,Other
Cultural/knowledge professions,University professor,Docente universitario,University professor
Economic elites,Cultural knowledge profession,Industriale-agricoltore,Cultural knowledge profession
Cultural/knowledge professions,Other,Medico,Other
Cultural/knowledge professions,University professor,Docente universitario,University professor
Economic elites,Cultural knowledge profession,Industriale-agricoltore,Cultural knowledge profession
Cultural/knowledge professions,University professor,Docente universitario,University professor
Cultural/knowledge professions,University professor,Docente universitario,University professor
Cultural/knowledge professions,University professor,Docente universitario,University professor
Economic elites,Cultural knowledge profession,Industriale-agricoltore,Cultural knowledge profession
Cultural/knowledge professions,University professor,Docente universitario,University professor
Cultural/knowledge professions,Other,Ingegnere,Other
Cultural/knowledge professions,University professor,Docente universitario,University professor
Cultural/knowledge professions,University professor,Docente universitario,University professor
Cultural/knowledge professions,University professor,Docente universitario,University professor
Other/unclear,Other,Allevatore,Other
Economic elites,Cultural knowledge profession,Industriale-agricoltore,Cultural knowledge profession
Economic elites,Cultural knowledge profession,Industriale-agricoltore,Cultural knowledge profession
Cultural/knowledge professions,University professor,Docente universitario,University professor
Cultural/knowledge professions,Other,Ingegnere,Other
Cultural/knowledge professions,University professor,Docente universitario,University professor
Economic elites,Cultural knowledge profession,Industriale-agricoltore,Cultural knowledge profession
Cultural/knowledge professions,University professor,Docente universitario,University professor
Cultural/knowledge professions,University professor,Docente universitario,University professor
Cultural/knowledge professions,Cultural knowledge profession,Docente,Cultural knowledge profession
Cultural/knowledge professions,University professor,Docente universitario,University professor
Other/unclear,Cultural knowledge profession,Agricoltore,Cultural knowledge profession
Cultural/knowledge professions,Other,Ingegnere,Other
Cultural/knowledge professions,Other,Ingegnere,Other
Economic elites,Cultural knowledge profession,Industriale-agricoltore,Cultural knowledge profession
Cultural/knowledge professions,University professor,Docente universitario,University professor
Cultural/knowledge professions,University professor,Docente universitario,University professor
Economic elites,Cultural knowledge profession,Industriale-agricoltore,Cultural knowledge profession
